1001,1,net_shop.png,説明1,100,3,14,5,2022年01月04日 09時10分24秒
1001,1,net_shop.png,説明1,100,0,17,5,2022年01月04日 09時10分24秒
1001,1,net_shop.png,説明1,100,0,17,5,2022年01月04日 09時10分24秒
1001,1,net_shop.png,説明1,100,3,14,5,2022年01月04日 09時10分24秒
1001,1,net_shop.png,説明1,100,3,14,5,2022年01月04日 09時10分24秒
1002,2,game_reversi_board.png,2,200,8,13,5,2022年01月03日 02時44分39秒
1002,2,game_reversi_board.png,2,200,13,8,5,2022年01月03日 02時44分39秒
1002,2,game_reversi_board.png,2,200,13,8,5,2022年01月03日 02時44分39秒
1002,2,game_reversi_board.png,2,200,10,11,5,2022年01月03日 02時44分39秒
1002,2,game_reversi_board.png,2,200,13,8,5,2022年01月03日 02時44分39秒
1002,2,game_reversi_board.png,2,200,8,13,5,2022年01月03日 02時44分39秒
1002,2,game_reversi_board.png,2,200,13,8,5,2022年01月03日 02時44分39秒
1002,2,game_reversi_board.png,2,200,13,8,5,2022年01月03日 02時44分39秒
1002,2,game_reversi_board.png,2,200,10,11,5,2022年01月03日 02時44分39秒
1002,2,game_reversi_board.png,2,200,13,8,5,2022年01月03日 02時44分39秒
1002,2,game_reversi_board.png,2,200,10,11,5,2022年01月03日 02時44分39秒
1002,2,game_reversi_board.png,2,200,15,6,5,2022年01月03日 02時44分39秒
1002,2,game_reversi_board.png,2,200,15,6,5,2022年01月03日 02時44分39秒
1002,2,game_reversi_board.png,2,200,12,9,5,2022年01月03日 02時44分39秒
1002,2,game_reversi_board.png,2,200,15,6,5,2022年01月03日 02時44分39秒
